Zbiór witryn,Nazwa witryny,Nazwa listy,Nazwa przepływu pracy,Rodzaj przepływu pracy,Zmodyfikowane przez,Zmodyfikowane,Wersja,Ostatnia zapisana wersja,WebApplicationId,SiteId,Adres URL witryny,WorkflowUrl,WorkflowId,ListId,ListUrl,Liczba dni od ostatniej modyfikacji
https://teams.sp.creditagricole/team/ITMM,System Informacji Zarządczej IT,INF014 - Wskaźniki,Ustewienie pola Cel (poprzednia wersja: 09.08.2024 13:55:08),Przepływ pracy listy,,2026-09-25 12:15:12,1.0,1.0,,,https://teams.sp.creditagricole/team/ITMM,,2e5b71eb-eb81-45d5-a5eb-8a283042fd22,1ef99853-77c3-4942-99f9-332c6853eb07,,0
https://teams.sp.creditagricole/team/ITMM,System Informacji Zarządczej IT,INF014 - Wskaźniki,Ustewienie pola Cel,Przepływ pracy listy,,2026-09-25 12:15:12,1.0,1.0,,,https://teams.sp.creditagricole/team/ITMM,,ca1d2a4f-b710-4375-9678-e581fe33df5d,1ef99853-77c3-4942-99f9-332c6853eb07,,0
https://teams.sp.creditagricole/team/ITMM,System Informacji Zarządczej IT,INF017 - Czynniki sukcesu,Wypełnianie pola CSF_Cel (poprzednia wersja: 07.08.2024 12:36:02),Przepływ pracy listy,,2026-09-25 12:15:12,1.0,1.0,,,https://teams.sp.creditagricole/team/ITMM,,dc7ed79d-f9df-410d-8b9f-307f2ddb8b1f,a10db065-d716-4145-a55d-e5e5673ff2f0,,0
https://teams.sp.creditagricole/team/ITMM,System Informacji Zarządczej IT,INF017 - Czynniki sukcesu,Wypełnianie pola CSF_Cel,Przepływ pracy listy,,2026-09-25 12:15:12,1.0,1.0,,,https://teams.sp.creditagricole/team/ITMM,,6336926d-2c81-493b-8c62-6f297ffad954,a10db065-d716-4145-a55d-e5e5673ff2f0,,0
https://teams.sp.creditagricole/team/ITMM,System Informacji Zarządczej IT,Karty wskaźników SIZ,Ustawianie pola Symbol (poprzednia wersja: 08.06.2026 11:31:32),Przepływ pracy listy,,2026-09-25 12:15:12,1.0,1.0,,,https://teams.sp.creditagricole/team/ITMM,,53f6d317-3fb8-4e18-ae89-1a66819d8c47,1d3b1cfb-74b5-46bc-ba03-8e443cdc952d,,0
https://teams.sp.creditagricole/team/ITMM,System Informacji Zarządczej IT,Karty wskaźników SIZ,Synchronizacja danych z M0001 na ICTRisk (poprzednia wersja: 02.06.2026 10:41:57),Przepływ pracy listy,,2026-09-25 12:15:12,1.0,1.0,,,https://teams.sp.creditagricole/team/ITMM,,5249c99c-e01d-4668-aa6b-2744ffabf82e,1d3b1cfb-74b5-46bc-ba03-8e443cdc952d,,0
https://teams.sp.creditagricole/team/ITMM,System Informacji Zarządczej IT,Karty wskaźników SIZ,Ustawianie pola Symbol (poprzednia wersja: 27.02.2025 11:51:14),Przepływ pracy listy,,2026-09-25 12:15:12,1.0,1.0,,,https://teams.sp.creditagricole/team/ITMM,,c292b4c3-5bae-4451-8187-412dd9560db9,1d3b1cfb-74b5-46bc-ba03-8e443cdc952d,,0
https://teams.sp.creditagricole/team/ITMM,System Informacji Zarządczej IT,Karty wskaźników SIZ,Ustawianie pola Symbol (poprzednia wersja: 11.08.2025 12:11:08),Przepływ pracy listy,,2026-09-25 12:15:12,1.0,1.0,,,https://teams.sp.creditagricole/team/ITMM,,b5d3d49c-9677-4755-8f62-69dbff0129b5,1d3b1cfb-74b5-46bc-ba03-8e443cdc952d,,0
https://teams.sp.creditagricole/team/ITMM,System Informacji Zarządczej IT,Karty wskaźników SIZ,Ustawianie pola Symbol (poprzednia wersja: 2025-02-27 11:50:49),Przepływ pracy listy,,2026-09-25 12:15:12,1.0,1.0,,,https://teams.sp.creditagricole/team/ITMM,,d2ca1e4b-2418-44a7-b36e-6fecfa5b218e,1d3b1cfb-74b5-46bc-ba03-8e443cdc952d,,0
https://teams.sp.creditagricole/team/ITMM,System Informacji Zarządczej IT,Karty wskaźników SIZ,Ustawianie pola Symbol (poprzednia wersja: 2025-02-27 11:45:52),Przepływ pracy listy,,2026-09-25 12:15:12,1.0,1.0,,,https://teams.sp.creditagricole/team/ITMM,,e4c3b1e2-7b70-466c-96ec-8029143697ac,1d3b1cfb-74b5-46bc-ba03-8e443cdc952d,,0
https://teams.sp.creditagricole/team/ITMM,System Informacji Zarządczej IT,Karty wskaźników SIZ,Ustawianie pola Symbol (poprzednia wersja: 2025-02-27 11:48:18),Przepływ pracy listy,,2026-09-25 12:15:12,1.0,1.0,,,https://teams.sp.creditagricole/team/ITMM,,12aa446f-a339-40a7-ac46-94cce3bd6573,1d3b1cfb-74b5-46bc-ba03-8e443cdc952d,,0
https://teams.sp.creditagricole/team/ITMM,System Informacji Zarządczej IT,Karty wskaźników SIZ,Ustawianie pola Symbol (poprzednia wersja: 08.06.2026 12:14:43),Przepływ pracy listy,,2026-09-25 12:15:12,1.0,1.0,,,https://teams.sp.creditagricole/team/ITMM,,36220341-474e-4912-83f3-a91a285ad68a,1d3b1cfb-74b5-46bc-ba03-8e443cdc952d,,0
https://teams.sp.creditagricole/team/ITMM,System Informacji Zarządczej IT,Karty wskaźników SIZ,Synchronizacja danych z M0001 na ICTRisk,Przepływ pracy listy,,2026-09-25 12:15:12,1.0,1.0,,,https://teams.sp.creditagricole/team/ITMM,,6ee9e999-e629-4611-8984-d125e3fa5d1b,1d3b1cfb-74b5-46bc-ba03-8e443cdc952d,,0
https://teams.sp.creditagricole/team/ITMM,System Informacji Zarządczej IT,Karty wskaźników SIZ,Ustawianie pola Symbol,Przepływ pracy listy,,2026-09-25 12:15:12,1.0,1.0,,,https://teams.sp.creditagricole/team/ITMM,,46c02e27-aff6-4faf-862a-e16ebdaac76b,1d3b1cfb-74b5-46bc-ba03-8e443cdc952d,,0
https://teams.sp.creditagricole/team/ITMM,System Informacji Zarządczej IT,,NWF006 - SIZCOM1 (NOWY) (poprzednia wersja: 2022-03-31 11:38:58),Przepływ pracy witryny,,2026-09-25 12:15:12,1.0,1.0,,,https://teams.sp.creditagricole/team/ITMM,,639bb3ed-549e-4369-a44d-0189d608a0e0,,,0
https://teams.sp.creditagricole/team/ITMM,System Informacji Zarządczej IT,,NWF006 - SIZCOM1 (NOWY) (poprzednia wersja: 06.05.2024 08:58:20),Przepływ pracy witryny,,2026-09-25 12:15:12,1.0,1.0,,,https://teams.sp.creditagricole/team/ITMM,,e6980844-11c4-4a6e-8166-0607a9aba1e5,,,0
https://teams.sp.creditagricole/team/ITMM,System Informacji Zarządczej IT,,NWF006 - SIZCOM1 (NOWY) (poprzednia wersja: 2022-01-27 14:04:24),Przepływ pracy witryny,,2026-09-25 12:15:12,1.0,1.0,,,https://teams.sp.creditagricole/team/ITMM,,9b3b94b6-4ca9-4c11-810a-09421721cd80,,,0
https://teams.sp.creditagricole/team/ITMM,System Informacji Zarządczej IT,,NWF006 - SIZCOM1 (NOWY) (poprzednia wersja: 2022-07-04 11:10:12),Przepływ pracy witryny,,2026-09-25 12:15:12,1.0,1.0,,,https://teams.sp.creditagricole/team/ITMM,,54bf8d28-a4c6-4f1f-9df2-09d3de7d88ce,,,0
https://teams.sp.creditagricole/team/ITMM,System Informacji Zarządczej IT,,NWF006 - SIZCOM1 (NOWY) (poprzednia wersja: 2023-02-21 11:24:37),Przepływ pracy witryny,,2026-09-25 12:15:12,1.0,1.0,,,https://teams.sp.creditagricole/team/ITMM,,86ee3417-3634-455b-9115-0e4d4d51d7b2,,,0
https://teams.sp.creditagricole/team/ITMM,System Informacji Zarządczej IT,,NWF006 - SIZCOM1 (NOWY) (poprzednia wersja: 2022-01-27 19:55:38),Przepływ pracy witryny,,2026-09-25 12:15:12,1.0,1.0,,,https://teams.sp.creditagricole/team/ITMM,,d2ad2364-1340-4ea8-a87b-0e6fb9d734a8,,,0
https://teams.sp.creditagricole/team/ITMM,System Informacji Zarządczej IT,,NWF006 - SIZCOM1 (NOWY) (poprzednia wersja: 2022-01-27 16:42:13),Przepływ pracy witryny,,2026-09-25 12:15:12,1.0,1.0,,,https://teams.sp.creditagricole/team/ITMM,,19b85d67-072b-45e0-8845-0ea511f431ea,,,0
https://teams.sp.creditagricole/team/ITMM,System Informacji Zarządczej IT,,NWF006 - SIZCOM1 (NOWY) (poprzednia wersja: 2023-02-06 09:24:34),Przepływ pracy witryny,,2026-09-25 12:15:12,1.0,1.0,,,https://teams.sp.creditagricole/team/ITMM,,7a7bd4f7-1680-464d-a296-108ecb45d6fb,,,0
https://teams.sp.creditagricole/team/ITMM,System Informacji Zarządczej IT,,NWF006 - SIZCOM1 (NOWY) (poprzednia wersja: 2022-01-26 13:13:03),Przepływ pracy witryny,,2026-09-25 12:15:12,1.0,1.0,,,https://teams.sp.creditagricole/team/ITMM,,ba390348-0817-410a-9f2f-160d3ff2af5c,,,0
https://teams.sp.creditagricole/team/ITMM,System Informacji Zarządczej IT,,NWF006 - SIZCOM1 (NOWY) (poprzednia wersja: 2022-01-27 10:48:34),Przepływ pracy witryny,,2026-09-25 12:15:12,1.0,1.0,,,https://teams.sp.creditagricole/team/ITMM,,63315952-aad3-49ae-af54-167fe828c2d1,,,0
https://teams.sp.creditagricole/team/ITMM,System Informacji Zarządczej IT,,NWF006 - SIZCOM1 (NOWY) (poprzednia wersja: 2022-01-26 15:12:48),Przepływ pracy witryny,,2026-09-25 12:15:12,1.0,1.0,,,https://teams.sp.creditagricole/team/ITMM,,65b222f2-0db6-4558-a7d7-16c14f7606f6,,,0
https://teams.sp.creditagricole/team/ITMM,System Informacji Zarządczej IT,,NWF006 - SIZCOM1 (NOWY) (poprzednia wersja: 2022-02-01 14:38:04),Przepływ pracy witryny,,2026-09-25 12:15:12,1.0,1.0,,,https://teams.sp.creditagricole/team/ITMM,,ec30df28-d329-4a99-a392-193cffe5a3e3,,,0
https://teams.sp.creditagricole/team/ITMM,System Informacji Zarządczej IT,,NWF006 - SIZCOM1 (NOWY) (poprzednia wersja: 2022-01-26 09:57:33),Przepływ pracy witryny,,2026-09-25 12:15:12,1.0,1.0,,,https://teams.sp.creditagricole/team/ITMM,,c9b776fd-9890-4caf-9a52-194e2e6e5ada,,,0
https://teams.sp.creditagricole/team/ITMM,System Informacji Zarządczej IT,,NWF006 - SIZCOM1 (NOWY) (poprzednia wersja: 2022-01-28 06:59:29),Przepływ pracy witryny,,2026-09-25 12:15:12,1.0,1.0,,,https://teams.sp.creditagricole/team/ITMM,,a6f42972-ae88-45c4-8185-1f58085b346b,,,0
https://teams.sp.creditagricole/team/ITMM,System Informacji Zarządczej IT,,NWF004 (poprzednia wersja: 2021-09-08 14:27:14),Przepływ pracy witryny,,2026-09-25 12:15:12,1.0,1.0,,,https://teams.sp.creditagricole/team/ITMM,,b85eeffa-ce4e-4c18-a246-23105503ef93,,,0
https://teams.sp.creditagricole/team/ITMM,System Informacji Zarządczej IT,,NWF006 - SIZCOM1 (NOWY) (poprzednia wersja: 2024-04-16 12:46:10),Przepływ pracy witryny,,2026-09-25 12:15:12,1.0,1.0,,,https://teams.sp.creditagricole/team/ITMM,,02e9b14f-a080-4ff6-af3d-25e011dc022a,,,0
https://teams.sp.creditagricole/team/ITMM,System Informacji Zarządczej IT,,NWF003 (poprzednia wersja: 2021-08-13 12:55:57),Przepływ pracy witryny,,2026-09-25 12:15:12,1.0,1.0,,,https://teams.sp.creditagricole/team/ITMM,,4085aed3-386d-4c31-804d-2762e2d9b467,,,0
https://teams.sp.creditagricole/team/ITMM,System Informacji Zarządczej IT,,NWF004 - SIZCOM1,Przepływ pracy witryny,,2026-09-25 12:15:12,1.0,1.0,,,https://teams.sp.creditagricole/team/ITMM,,19da6f41-43e0-4545-8c16-29f2995ba4d6,,,0
https://teams.sp.creditagricole/team/ITMM,System Informacji Zarządczej IT,,NWF006 - SIZCOM1 (NOWY) (poprzednia wersja: 2022-01-27 15:21:33),Przepływ pracy witryny,,2026-09-25 12:15:12,1.0,1.0,,,https://teams.sp.creditagricole/team/ITMM,,0ffe5274-4742-400e-b448-2ab745fb2c79,,,0
https://teams.sp.creditagricole/team/ITMM,System Informacji Zarządczej IT,,NWF004 (poprzednia wersja: 2021-09-09 10:47:40),Przepływ pracy witryny,,2026-09-25 12:15:12,1.0,1.0,,,https://teams.sp.creditagricole/team/ITMM,,78f48366-ddf7-4bc5-aea6-2b1554859b7b,,,0
https://teams.sp.creditagricole/team/ITMM,System Informacji Zarządczej IT,,NWF006 - SIZCOM1 (NOWY) (poprzednia wersja: 2022-01-27 19:45:25),Przepływ pracy witryny,,2026-09-25 12:15:12,1.0,1.0,,,https://teams.sp.creditagricole/team/ITMM,,1628d7bd-e06f-4772-80cf-2c4fe31cba49,,,0
https://teams.sp.creditagricole/team/ITMM,System Informacji Zarządczej IT,,NWF006 - SIZCOM1 (NOWY) (poprzednia wersja: 2022-01-27 16:50:44),Przepływ pracy witryny,,2026-09-25 12:15:12,1.0,1.0,,,https://teams.sp.creditagricole/team/ITMM,,3804e195-33ec-4a0b-904d-2d886acadd6b,,,0
https://teams.sp.creditagricole/team/ITMM,System Informacji Zarządczej IT,,NWF006 - SIZCOM1 (NOWY) (poprzednia wersja: 2022-01-25 10:41:23),Przepływ pracy witryny,,2026-09-25 12:15:12,1.0,1.0,,,https://teams.sp.creditagricole/team/ITMM,,c40d0014-56e4-45b8-a300-2e5a7e74c057,,,0
https://teams.sp.creditagricole/team/ITMM,System Informacji Zarządczej IT,,NWF006 - SIZCOM1 (NOWY),Przepływ pracy witryny,,2026-09-25 12:15:12,1.0,1.0,,,https://teams.sp.creditagricole/team/ITMM,,a5e42b8b-0826-4651-a30f-2eee0670b9b1,,,0
https://teams.sp.creditagricole/team/ITMM,System Informacji Zarządczej IT,,NWF006 - SIZCOM1 (NOWY) (poprzednia wersja: 2022-01-27 09:35:57),Przepływ pracy witryny,,2026-09-25 12:15:12,1.0,1.0,,,https://teams.sp.creditagricole/team/ITMM,,bd4f37bb-1307-435f-aa06-2fd81258340d,,,0
https://teams.sp.creditagricole/team/ITMM,System Informacji Zarządczej IT,,NWF006 - SIZCOM1 (NOWY) (poprzednia wersja: 2022-01-26 15:01:53),Przepływ pracy witryny,,2026-09-25 12:15:12,1.0,1.0,,,https://teams.sp.creditagricole/team/ITMM,,b769f0b0-9300-4ba0-818f-32853b3edc4b,,,0
https://teams.sp.creditagricole/team/ITMM,System Informacji Zarządczej IT,,NWF002,Przepływ pracy witryny,,2026-09-25 12:15:12,1.0,1.0,,,https://teams.sp.creditagricole/team/ITMM,,b0d69401-1361-4837-9193-3297741473d4,,,0
https://teams.sp.creditagricole/team/ITMM,System Informacji Zarządczej IT,,NWF002 (poprzednia wersja: 2021-09-10 08:27:12),Przepływ pracy witryny,,2026-09-25 12:15:12,1.0,1.0,,,https://teams.sp.creditagricole/team/ITMM,,2295764c-2f90-4863-872d-34aa665d5084,,,0
https://teams.sp.creditagricole/team/ITMM,System Informacji Zarządczej IT,,TST- NWF002 (poprzednia wersja: 2021-09-15 10:15:55),Przepływ pracy witryny,,2026-09-25 12:15:12,1.0,1.0,,,https://teams.sp.creditagricole/team/ITMM,,8156c9df-c513-4ef4-affe-35b4196e0355,,,0
https://teams.sp.creditagricole/team/ITMM,System Informacji Zarządczej IT,,NWF006 - SIZCOM1 (NOWY) (poprzednia wersja: 2022-01-27 08:51:08),Przepływ pracy witryny,,2026-09-25 12:15:12,1.0,1.0,,,https://teams.sp.creditagricole/team/ITMM,,e3588c14-fbac-43ec-9d66-388c39132d18,,,0
https://teams.sp.creditagricole/team/ITMM,System Informacji Zarządczej IT,,NWF006 - SIZCOM1 (NOWY) (poprzednia wersja: 2022-01-27 19:44:34),Przepływ pracy witryny,,2026-09-25 12:15:12,1.0,1.0,,,https://teams.sp.creditagricole/team/ITMM,,c0783493-a7a8-49aa-b94c-3ebce46d49f5,,,0
https://teams.sp.creditagricole/team/ITMM,System Informacji Zarządczej IT,,NWF003,Przepływ pracy witryny,,2026-09-25 12:15:12,1.0,1.0,,,https://teams.sp.creditagricole/team/ITMM,,fc208c82-ec6b-4833-a13e-3f6da93713fb,,,0
https://teams.sp.creditagricole/team/ITMM,System Informacji Zarządczej IT,,NWF006 - SIZCOM1 (NOWY) (poprzednia wersja: 2022-01-26 09:58:23),Przepływ pracy witryny,,2026-09-25 12:15:12,1.0,1.0,,,https://teams.sp.creditagricole/team/ITMM,,77723173-2406-44d2-bdad-40391a51fc82,,,0
https://teams.sp.creditagricole/team/ITMM,System Informacji Zarządczej IT,,NWF003 (poprzednia wersja: 2021-08-13 09:44:51),Przepływ pracy witryny,,2026-09-25 12:15:12,1.0,1.0,,,https://teams.sp.creditagricole/team/ITMM,,d018cfd8-f63c-4df2-823f-4099edf2c284,,,0
https://teams.sp.creditagricole/team/ITMM,System Informacji Zarządczej IT,,NWF006 - SIZCOM1 (NOWY) (poprzednia wersja: 2023-03-01 08:30:52),Przepływ pracy witryny,,2026-09-25 12:15:12,1.0,1.0,,,https://teams.sp.creditagricole/team/ITMM,,ee4f72e5-221d-4179-8614-416fb153a50c,,,0
https://teams.sp.creditagricole/team/ITMM,System Informacji Zarządczej IT,,NWF006 - SIZCOM1 (NOWY) (poprzednia wersja: 2023-04-03 12:02:54),Przepływ pracy witryny,,2026-09-25 12:15:12,1.0,1.0,,,https://teams.sp.creditagricole/team/ITMM,,2d0464dc-847d-4095-96c7-417b9b7a3e81,,,0
https://teams.sp.creditagricole/team/ITMM,System Informacji Zarządczej IT,,NWF006 - SIZCOM1 (NOWY) (poprzednia wersja: 2023-01-23 08:41:11),Przepływ pracy witryny,,2026-09-25 12:15:12,1.0,1.0,,,https://teams.sp.creditagricole/team/ITMM,,92620c13-8bee-483e-a420-4291fc6ae541,,,0
https://teams.sp.creditagricole/team/ITMM,System Informacji Zarządczej IT,,NWF006 - SIZCOM1 (NOWY) (poprzednia wersja: 2022-01-27 13:26:03),Przepływ pracy witryny,,2026-09-25 12:15:12,1.0,1.0,,,https://teams.sp.creditagricole/team/ITMM,,e3861dda-3e4f-4ce4-a412-43425df9cf68,,,0
https://teams.sp.creditagricole/team/ITMM,System Informacji Zarządczej IT,,NWF006 - SIZCOM1 (NOWY) (poprzednia wersja: 2022-01-27 13:13:51),Przepływ pracy witryny,,2026-09-25 12:15:12,1.0,1.0,,,https://teams.sp.creditagricole/team/ITMM,,cad38db4-f536-4833-9bc6-43ede8ca6304,,,0
https://teams.sp.creditagricole/team/ITMM,System Informacji Zarządczej IT,,NWF004 - SIZCOM1 (poprzednia wersja: 05.11.2021 10:39:39),Przepływ pracy witryny,,2026-09-25 12:15:12,1.0,1.0,,,https://teams.sp.creditagricole/team/ITMM,,4149cf5d-5118-40a6-8a3c-488ebc63c9da,,,0
https://teams.sp.creditagricole/team/ITMM,System Informacji Zarządczej IT,,TST- NWF002,Przepływ pracy witryny,,2026-09-25 12:15:12,1.0,1.0,,,https://teams.sp.creditagricole/team/ITMM,,ced181e0-a4d1-483a-a417-495c0c316fcc,,,0
https://teams.sp.creditagricole/team/ITMM,System Informacji Zarządczej IT,,NWF006 - SIZCOM1 (NOWY) (poprzednia wersja: 2023-04-03 11:41:01),Przepływ pracy witryny,,2026-09-25 12:15:12,1.0,1.0,,,https://teams.sp.creditagricole/team/ITMM,,7005cf0f-b2e2-4f17-a3dd-4c6008e67073,,,0
https://teams.sp.creditagricole/team/ITMM,System Informacji Zarządczej IT,,NWF006 - SIZCOM1 (NOWY) (poprzednia wersja: 2022-01-27 15:40:23),Przepływ pracy witryny,,2026-09-25 12:15:12,1.0,1.0,,,https://teams.sp.creditagricole/team/ITMM,,f934bc69-57c3-4176-b6fc-4c7bfbd42245,,,0
https://teams.sp.creditagricole/team/ITMM,System Informacji Zarządczej IT,,NWF002 (poprzednia wersja: 2021-09-16 10:50:09),Przepływ pracy witryny,,2026-09-25 12:15:12,1.0,1.0,,,https://teams.sp.creditagricole/team/ITMM,,6ff0768d-f660-4965-9902-52140f8932e4,,,0
https://teams.sp.creditagricole/team/ITMM,System Informacji Zarządczej IT,,NWF006 - SIZCOM1 (NOWY) (poprzednia wersja: 2023-02-02 09:50:08),Przepływ pracy witryny,,2026-09-25 12:15:12,1.0,1.0,,,https://teams.sp.creditagricole/team/ITMM,,3490bd1f-0de9-411e-ad75-53d20a1cf24a,,,0
https://teams.sp.creditagricole/team/ITMM,System Informacji Zarządczej IT,,NWF006 - SIZCOM1 (NOWY) (poprzednia wersja: 2022-01-27 17:54:11),Przepływ pracy witryny,,2026-09-25 12:15:12,1.0,1.0,,,https://teams.sp.creditagricole/team/ITMM,,fba01355-3663-4402-8f91-55448128c07d,,,0
https://teams.sp.creditagricole/team/ITMM,System Informacji Zarządczej IT,,NWF006 - SIZCOM1 (NOWY) (poprzednia wersja: 2022-01-27 09:09:13),Przepływ pracy witryny,,2026-09-25 12:15:12,1.0,1.0,,,https://teams.sp.creditagricole/team/ITMM,,bdb20324-4d77-4821-9540-5563f765cde3,,,0
https://teams.sp.creditagricole/team/ITMM,System Informacji Zarządczej IT,,NWF006 - SIZCOM1 (NOWY) (poprzednia wersja: 2022-01-27 15:54:29),Przepływ pracy witryny,,2026-09-25 12:15:12,1.0,1.0,,,https://teams.sp.creditagricole/team/ITMM,,d5689804-7665-48c0-9e80-567d4e96200f,,,0
https://teams.sp.creditagricole/team/ITMM,System Informacji Zarządczej IT,,NWF006 - SIZCOM1 (NOWY) (poprzednia wersja: 2023-02-28 11:52:21),Przepływ pracy witryny,,2026-09-25 12:15:12,1.0,1.0,,,https://teams.sp.creditagricole/team/ITMM,,37081a81-32e6-42d2-9743-57408d86b3e6,,,0
https://teams.sp.creditagricole/team/ITMM,System Informacji Zarządczej IT,,NWF006 - SIZCOM1 (NOWY) (poprzednia wersja: 2022-01-27 17:10:19),Przepływ pracy witryny,,2026-09-25 12:15:12,1.0,1.0,,,https://teams.sp.creditagricole/team/ITMM,,555ff31e-caa2-43a4-bab8-5992d840f11c,,,0
https://teams.sp.creditagricole/team/ITMM,System Informacji Zarządczej IT,,NWF006 - SIZCOM1 (NOWY) (poprzednia wersja: 2022-01-25 14:09:40),Przepływ pracy witryny,,2026-09-25 12:15:12,1.0,1.0,,,https://teams.sp.creditagricole/team/ITMM,,58b01a42-3b7c-4c00-95ef-5ca1a481acd3,,,0
https://teams.sp.creditagricole/team/ITMM,System Informacji Zarządczej IT,,NWF004 (poprzednia wersja: 2021-09-08 13:18:29),Przepływ pracy witryny,,2026-09-25 12:15:12,1.0,1.0,,,https://teams.sp.creditagricole/team/ITMM,,54e4a409-4d41-4b7a-b55f-5d37a8410ae0,,,0
https://teams.sp.creditagricole/team/ITMM,System Informacji Zarządczej IT,,NWF006 - SIZCOM1 (NOWY) (poprzednia wersja: 2022-01-27 11:01:10),Przepływ pracy witryny,,2026-09-25 12:15:12,1.0,1.0,,,https://teams.sp.creditagricole/team/ITMM,,ccef2f32-7f79-4ffa-998b-5dbee3937261,,,0
https://teams.sp.creditagricole/team/ITMM,System Informacji Zarządczej IT,,NWF006 - SIZCOM1 (NOWY) (poprzednia wersja: 2022-01-26 10:33:00),Przepływ pracy witryny,,2026-09-25 12:15:12,1.0,1.0,,,https://teams.sp.creditagricole/team/ITMM,,24686cff-2511-4d0b-9856-5e472079385f,,,0
https://teams.sp.creditagricole/team/ITMM,System Informacji Zarządczej IT,,NWF006 - SIZCOM1 (NOWY) (poprzednia wersja: 2023-02-28 12:10:15),Przepływ pracy witryny,,2026-09-25 12:15:12,1.0,1.0,,,https://teams.sp.creditagricole/team/ITMM,,0a38f568-f34c-4517-ad6f-5e75c49d2a32,,,0
https://teams.sp.creditagricole/team/ITMM,System Informacji Zarządczej IT,,NWF006 - SIZCOM1 (NOWY) (poprzednia wersja: 2022-09-16 11:01:34),Przepływ pracy witryny,,2026-09-25 12:15:12,1.0,1.0,,,https://teams.sp.creditagricole/team/ITMM,,742e83d9-2723-49f6-afaf-5eec33d503a3,,,0
https://teams.sp.creditagricole/team/ITMM,System Informacji Zarządczej IT,,NWF006 - SIZCOM1 (NOWY) (poprzednia wersja: 2022-01-27 14:45:27),Przepływ pracy witryny,,2026-09-25 12:15:12,1.0,1.0,,,https://teams.sp.creditagricole/team/ITMM,,94682e98-10e8-4854-aa09-60ad52fabb3f,,,0
https://teams.sp.creditagricole/team/ITMM,System Informacji Zarządczej IT,,NWF004 (poprzednia wersja: 2021-09-10 08:27:19),Przepływ pracy witryny,,2026-09-25 12:15:12,1.0,1.0,,,https://teams.sp.creditagricole/team/ITMM,,153958bc-5fdb-4757-97ae-60feaedd5631,,,0
https://teams.sp.creditagricole/team/ITMM,System Informacji Zarządczej IT,,NWF006 - SIZCOM1 (NOWY) (poprzednia wersja: 2022-01-27 14:38:27),Przepływ pracy witryny,,2026-09-25 12:15:12,1.0,1.0,,,https://teams.sp.creditagricole/team/ITMM,,9c806362-b9cb-4fee-9708-6327a6f32b55,,,0
https://teams.sp.creditagricole/team/ITMM,System Informacji Zarządczej IT,,NWF002 (poprzednia wersja: 2022-01-10 12:38:55),Przepływ pracy witryny,,2026-09-25 12:15:12,1.0,1.0,,,https://teams.sp.creditagricole/team/ITMM,,c73bf7ea-0ee8-4928-ba96-654d267e747e,,,0
https://teams.sp.creditagricole/team/ITMM,System Informacji Zarządczej IT,,NWF004 (poprzednia wersja: 18.10.2021 10:16:08),Przepływ pracy witryny,,2026-09-25 12:15:12,1.0,1.0,,,https://teams.sp.creditagricole/team/ITMM,,25a2536d-83a9-4002-acc2-671b1c8924d9,,,0
https://teams.sp.creditagricole/team/ITMM,System Informacji Zarządczej IT,,NWF006 - SIZCOM1 (NOWY) (poprzednia wersja: 2022-02-01 14:30:38),Przepływ pracy witryny,,2026-09-25 12:15:12,1.0,1.0,,,https://teams.sp.creditagricole/team/ITMM,,2e938be7-5e51-47f8-ba21-674a5791b16d,,,0
https://teams.sp.creditagricole/team/ITMM,System Informacji Zarządczej IT,,NWF006 - SIZCOM1 (NOWY) (poprzednia wersja: 2024-03-18 11:17:37),Przepływ pracy witryny,,2026-09-25 12:15:12,1.0,1.0,,,https://teams.sp.creditagricole/team/ITMM,,3a8deee4-40b7-426f-a657-67e86ac0b1a3,,,0
https://teams.sp.creditagricole/team/ITMM,System Informacji Zarządczej IT,,NWF002 (poprzednia wersja: 2021-09-14 10:36:01),Przepływ pracy witryny,,2026-09-25 12:15:12,1.0,1.0,,,https://teams.sp.creditagricole/team/ITMM,,59798074-9320-4978-a629-686d0a2517c0,,,0
https://teams.sp.creditagricole/team/ITMM,System Informacji Zarządczej IT,,NWF006 - SIZCOM1 (NOWY) (poprzednia wersja: 2022-01-27 19:35:07),Przepływ pracy witryny,,2026-09-25 12:15:12,1.0,1.0,,,https://teams.sp.creditagricole/team/ITMM,,d8fcc980-59eb-4715-a49a-696117ca4764,,,0
https://teams.sp.creditagricole/team/ITMM,System Informacji Zarządczej IT,,NWF006 - SIZCOM1 (NOWY) (poprzednia wersja: 2024-03-05 16:17:58),Przepływ pracy witryny,,2026-09-25 12:15:12,1.0,1.0,,,https://teams.sp.creditagricole/team/ITMM,,f7da503c-e6f8-4f01-90f3-6bd054384c10,,,0
https://teams.sp.creditagricole/team/ITMM,System Informacji Zarządczej IT,,NWF006 - SIZCOM1 (NOWY) (poprzednia wersja: 2022-01-27 09:19:53),Przepływ pracy witryny,,2026-09-25 12:15:12,1.0,1.0,,,https://teams.sp.creditagricole/team/ITMM,,2728e3f3-5bb6-4aaf-b97f-6d781a1da605,,,0
https://teams.sp.creditagricole/team/ITMM,System Informacji Zarządczej IT,,NWF006 - SIZCOM1 (NOWY) (poprzednia wersja: 2022-01-27 14:23:21),Przepływ pracy witryny,,2026-09-25 12:15:12,1.0,1.0,,,https://teams.sp.creditagricole/team/ITMM,,47a7e777-afaa-4545-9ba0-6e85ccf8f025,,,0
https://teams.sp.creditagricole/team/ITMM,System Informacji Zarządczej IT,,NWF006 - SIZCOM1 (NOWY) (poprzednia wersja: 2022-07-04 11:21:36),Przepływ pracy witryny,,2026-09-25 12:15:12,1.0,1.0,,,https://teams.sp.creditagricole/team/ITMM,,888f7f4f-bbdf-48d5-8662-70640a98b82d,,,0
https://teams.sp.creditagricole/team/ITMM,System Informacji Zarządczej IT,,NWF006 - SIZCOM1 (NOWY) (poprzednia wersja: 2022-01-26 15:51:16),Przepływ pracy witryny,,2026-09-25 12:15:12,1.0,1.0,,,https://teams.sp.creditagricole/team/ITMM,,3863c67e-cd9f-45d8-8d59-712130c8bf22,,,0
https://teams.sp.creditagricole/team/ITMM,System Informacji Zarządczej IT,,NWF006 - SIZCOM1 (NOWY) (poprzednia wersja: 2024-03-18 11:15:41),Przepływ pracy witryny,,2026-09-25 12:15:12,1.0,1.0,,,https://teams.sp.creditagricole/team/ITMM,,4439b217-9d3c-4a61-8a8e-72abcadb2700,,,0
https://teams.sp.creditagricole/team/ITMM,System Informacji Zarządczej IT,,NWF006 - SIZCOM1 (NOWY) (poprzednia wersja: 2022-01-26 12:45:26),Przepływ pracy witryny,,2026-09-25 12:15:12,1.0,1.0,,,https://teams.sp.creditagricole/team/ITMM,,9aa65086-3530-460a-89ce-73b8d14f3bdf,,,0
https://teams.sp.creditagricole/team/ITMM,System Informacji Zarządczej IT,,NWF006 - SIZCOM1 (NOWY) (poprzednia wersja: 2022-01-27 17:44:15),Przepływ pracy witryny,,2026-09-25 12:15:12,1.0,1.0,,,https://teams.sp.creditagricole/team/ITMM,,48913489-e28c-49d0-aa8e-740240ead4f2,,,0
https://teams.sp.creditagricole/team/ITMM,System Informacji Zarządczej IT,,NWF006 - SIZCOM1 (NOWY) (poprzednia wersja: 2022-01-25 13:24:06),Przepływ pracy witryny,,2026-09-25 12:15:12,1.0,1.0,,,https://teams.sp.creditagricole/team/ITMM,,8ae9403c-ec18-4c58-b281-740a9ce57fcb,,,0
https://teams.sp.creditagricole/team/ITMM,System Informacji Zarządczej IT,,NWF006 - SIZCOM1 (NOWY) (poprzednia wersja: 2023-02-21 10:09:35),Przepływ pracy witryny,,2026-09-25 12:15:12,1.0,1.0,,,https://teams.sp.creditagricole/team/ITMM,,aee9f756-0094-434a-a837-742f45eea869,,,0
https://teams.sp.creditagricole/team/ITMM,System Informacji Zarządczej IT,,NWF006 - SIZCOM1 (NOWY) (poprzednia wersja: 2022-01-27 18:25:45),Przepływ pracy witryny,,2026-09-25 12:15:12,1.0,1.0,,,https://teams.sp.creditagricole/team/ITMM,,6197609a-8c2c-47ce-b64d-7c6f407c33c4,,,0
https://teams.sp.creditagricole/team/ITMM,System Informacji Zarządczej IT,,NWF006 - SIZCOM1 (NOWY) (poprzednia wersja: 2022-01-28 14:40:23),Przepływ pracy witryny,,2026-09-25 12:15:12,1.0,1.0,,,https://teams.sp.creditagricole/team/ITMM,,1912234d-b866-4573-bb57-7cc2cfbf8a2b,,,0
https://teams.sp.creditagricole/team/ITMM,System Informacji Zarządczej IT,,NWF006 - SIZCOM1 (NOWY) (poprzednia wersja: 2022-01-26 11:52:12),Przepływ pracy witryny,,2026-09-25 12:15:12,1.0,1.0,,,https://teams.sp.creditagricole/team/ITMM,,d020f482-a08b-446c-9b7a-7f9a28866856,,,0
https://teams.sp.creditagricole/team/ITMM,System Informacji Zarządczej IT,,NWF006 - SIZCOM1 (NOWY) (poprzednia wersja: 2022-01-26 16:21:41),Przepływ pracy witryny,,2026-09-25 12:15:12,1.0,1.0,,,https://teams.sp.creditagricole/team/ITMM,,713baaa0-b70f-4c9e-9e57-805d9ba70280,,,0
https://teams.sp.creditagricole/team/ITMM,System Informacji Zarządczej IT,,NWF006 - SIZCOM1 (NOWY) (poprzednia wersja: 2022-01-25 10:23:34),Przepływ pracy witryny,,2026-09-25 12:15:12,1.0,1.0,,,https://teams.sp.creditagricole/team/ITMM,,fd949d1c-c520-45c1-8a30-8403fe7a71c5,,,0
https://teams.sp.creditagricole/team/ITMM,System Informacji Zarządczej IT,,NWF006 - SIZCOM1 (NOWY) (poprzednia wersja: 2022-01-25 09:15:36),Przepływ pracy witryny,,2026-09-25 12:15:12,1.0,1.0,,,https://teams.sp.creditagricole/team/ITMM,,de6cff7a-fa91-45ae-8e8e-8bf46e70ab44,,,0
https://teams.sp.creditagricole/team/ITMM,System Informacji Zarządczej IT,,NWF006 - SIZCOM1 (NOWY) (poprzednia wersja: 2022-01-27 09:11:57),Przepływ pracy witryny,,2026-09-25 12:15:12,1.0,1.0,,,https://teams.sp.creditagricole/team/ITMM,,59ade96a-b4ea-4d98-ac45-8d2839b081b4,,,0
https://teams.sp.creditagricole/team/ITMM,System Informacji Zarządczej IT,,NWF006 - SIZCOM1 (NOWY) (poprzednia wersja: 2022-01-26 10:41:39),Przepływ pracy witryny,,2026-09-25 12:15:12,1.0,1.0,,,https://teams.sp.creditagricole/team/ITMM,,b1f1233c-ce7f-4f57-bb8e-8d2e31044adc,,,0
https://teams.sp.creditagricole/team/ITMM,System Informacji Zarządczej IT,,NWF006 - SIZCOM1 (NOWY) (poprzednia wersja: 2023-03-01 08:31:39),Przepływ pracy witryny,,2026-09-25 12:15:12,1.0,1.0,,,https://teams.sp.creditagricole/team/ITMM,,9d564d19-5585-447b-81b2-8f17e8928dee,,,0
https://teams.sp.creditagricole/team/ITMM,System Informacji Zarządczej IT,,NWF006 - SIZCOM1 (NOWY) (poprzednia wersja: 2022-01-27 14:46:52),Przepływ pracy witryny,,2026-09-25 12:15:12,1.0,1.0,,,https://teams.sp.creditagricole/team/ITMM,,5f8c06e8-c605-4e89-89c4-8ffbc47810ca,,,0
https://teams.sp.creditagricole/team/ITMM,System Informacji Zarządczej IT,,NWF006 - SIZCOM1 (NOWY) (poprzednia wersja: 2022-01-28 08:08:54),Przepływ pracy witryny,,2026-09-25 12:15:12,1.0,1.0,,,https://teams.sp.creditagricole/team/ITMM,,01651e7f-7fc9-4a95-a696-905194117c6a,,,0
https://teams.sp.creditagricole/team/ITMM,System Informacji Zarządczej IT,,NWF002 (poprzednia wersja: 2022-01-17 13:25:27),Przepływ pracy witryny,,2026-09-25 12:15:12,1.0,1.0,,,https://teams.sp.creditagricole/team/ITMM,,37d43a5f-e16a-4329-9c58-914a39de6ac2,,,0
https://teams.sp.creditagricole/team/ITMM,System Informacji Zarządczej IT,,NWF006 - SIZCOM1 (NOWY) (poprzednia wersja: 2022-01-28 14:14:54),Przepływ pracy witryny,,2026-09-25 12:15:12,1.0,1.0,,,https://teams.sp.creditagricole/team/ITMM,,25fb5f11-1879-4a17-84d9-93bd25c3cb1a,,,0
https://teams.sp.creditagricole/team/ITMM,System Informacji Zarządczej IT,,NWF006 - SIZCOM1 (NOWY) (poprzednia wersja: 2022-01-26 12:53:18),Przepływ pracy witryny,,2026-09-25 12:15:12,1.0,1.0,,,https://teams.sp.creditagricole/team/ITMM,,9b94229a-f0ae-4206-8dc9-957c9ab58ba3,,,0
https://teams.sp.creditagricole/team/ITMM,System Informacji Zarządczej IT,,NWF006 - SIZCOM1 (NOWY) (poprzednia wersja: 2022-01-27 14:31:12),Przepływ pracy witryny,,2026-09-25 12:15:12,1.0,1.0,,,https://teams.sp.creditagricole/team/ITMM,,c87a3c8f-047f-4d05-bdf5-9b84e2f2ad73,,,0
https://teams.sp.creditagricole/team/ITMM,System Informacji Zarządczej IT,,NWF004,Przepływ pracy witryny,,2026-09-25 12:15:12,1.0,1.0,,,https://teams.sp.creditagricole/team/ITMM,,43f867f4-6c79-46bf-b351-9ca25ab26c94,,,0
https://teams.sp.creditagricole/team/ITMM,System Informacji Zarządczej IT,,NWF006 - SIZCOM1 (NOWY) (poprzednia wersja: 2022-01-27 18:46:27),Przepływ pracy witryny,,2026-09-25 12:15:12,1.0,1.0,,,https://teams.sp.creditagricole/team/ITMM,,2a4dbeaa-f7bf-4576-9d91-9d67895fc58d,,,0
https://teams.sp.creditagricole/team/ITMM,System Informacji Zarządczej IT,,NWF006 - SIZCOM1 (NOWY) (poprzednia wersja: 2022-01-27 15:14:25),Przepływ pracy witryny,,2026-09-25 12:15:12,1.0,1.0,,,https://teams.sp.creditagricole/team/ITMM,,309b228b-589c-4caa-b8c1-9f57966e063b,,,0
https://teams.sp.creditagricole/team/ITMM,System Informacji Zarządczej IT,,NWF006 - SIZCOM1 (NOWY) (poprzednia wersja: 2023-04-03 12:03:58),Przepływ pracy witryny,,2026-09-25 12:15:12,1.0,1.0,,,https://teams.sp.creditagricole/team/ITMM,,224a3c3d-d398-4222-8d96-a35c4ecec942,,,0
https://teams.sp.creditagricole/team/ITMM,System Informacji Zarządczej IT,,NWF002 (poprzednia wersja: 2021-09-15 11:50:14),Przepływ pracy witryny,,2026-09-25 12:15:12,1.0,1.0,,,https://teams.sp.creditagricole/team/ITMM,,353bcce6-0b03-4dfc-93ce-a55b06065a53,,,0
https://teams.sp.creditagricole/team/ITMM,System Informacji Zarządczej IT,,NWF006 - SIZCOM1 (NOWY) (poprzednia wersja: 2023-02-21 10:26:26),Przepływ pracy witryny,,2026-09-25 12:15:12,1.0,1.0,,,https://teams.sp.creditagricole/team/ITMM,,38d7b5f3-8580-4154-b042-a7177d95d319,,,0
https://teams.sp.creditagricole/team/ITMM,System Informacji Zarządczej IT,,NWF006 - SIZCOM1 (NOWY) (poprzednia wersja: 2022-01-27 15:07:57),Przepływ pracy witryny,,2026-09-25 12:15:12,1.0,1.0,,,https://teams.sp.creditagricole/team/ITMM,,c213bd8f-c4d5-4abb-ab17-a903aa318544,,,0
https://teams.sp.creditagricole/team/ITMM,System Informacji Zarządczej IT,,NWF006 - SIZCOM1 (NOWY) (poprzednia wersja: 2022-01-26 12:05:26),Przepływ pracy witryny,,2026-09-25 12:15:12,1.0,1.0,,,https://teams.sp.creditagricole/team/ITMM,,7143bf83-b447-4244-b27b-aa3a921b0e52,,,0
https://teams.sp.creditagricole/team/ITMM,System Informacji Zarządczej IT,,NWF006 - SIZCOM1 (NOWY) (poprzednia wersja: 2022-01-28 08:29:10),Przepływ pracy witryny,,2026-09-25 12:15:12,1.0,1.0,,,https://teams.sp.creditagricole/team/ITMM,,cc40027d-0c59-44de-af56-aceeff97a953,,,0
https://teams.sp.creditagricole/team/ITMM,System Informacji Zarządczej IT,,NWF006 - SIZCOM1 (NOWY) (poprzednia wersja: 2022-01-27 09:54:59),Przepływ pracy witryny,,2026-09-25 12:15:12,1.0,1.0,,,https://teams.sp.creditagricole/team/ITMM,,78977c93-7788-41e9-8796-ad89de597951,,,0
https://teams.sp.creditagricole/team/ITMM,System Informacji Zarządczej IT,,NWF004 (poprzednia wersja: 2021-10-18 10:09:27),Przepływ pracy witryny,,2026-09-25 12:15:12,1.0,1.0,,,https://teams.sp.creditagricole/team/ITMM,,923d71c3-f203-4aec-a70d-aee46e64439a,,,0
https://teams.sp.creditagricole/team/ITMM,System Informacji Zarządczej IT,,NWF006 - SIZCOM1 (NOWY) (poprzednia wersja: 2022-10-05 11:02:51),Przepływ pracy witryny,,2026-09-25 12:15:12,1.0,1.0,,,https://teams.sp.creditagricole/team/ITMM,,340cec63-b663-4d0c-924d-af776fda93de,,,0
https://teams.sp.creditagricole/team/ITMM,System Informacji Zarządczej IT,,NWF006 - SIZCOM1 (NOWY) (poprzednia wersja: 2022-01-26 08:27:57),Przepływ pracy witryny,,2026-09-25 12:15:12,1.0,1.0,,,https://teams.sp.creditagricole/team/ITMM,,d9074dc0-b0fc-425a-9a0a-b0134a553176,,,0
https://teams.sp.creditagricole/team/ITMM,System Informacji Zarządczej IT,,NWF002 (poprzednia wersja: 2021-09-14 12:24:39),Przepływ pracy witryny,,2026-09-25 12:15:12,1.0,1.0,,,https://teams.sp.creditagricole/team/ITMM,,4823214d-bcbe-421e-8771-b2ffcccf7ee9,,,0
https://teams.sp.creditagricole/team/ITMM,System Informacji Zarządczej IT,,NWF006 - SIZCOM1 (NOWY) (poprzednia wersja: 2022-01-27 09:03:36),Przepływ pracy witryny,,2026-09-25 12:15:12,1.0,1.0,,,https://teams.sp.creditagricole/team/ITMM,,22cc924d-9b3d-4bf3-acf9-b3d1ae34df84,,,0
https://teams.sp.creditagricole/team/ITMM,System Informacji Zarządczej IT,,NWF006 - SIZCOM1 (NOWY) (poprzednia wersja: 2023-04-03 12:07:07),Przepływ pracy witryny,,2026-09-25 12:15:12,1.0,1.0,,,https://teams.sp.creditagricole/team/ITMM,,7e3f6287-4658-4460-9e5a-b435c2568299,,,0
https://teams.sp.creditagricole/team/ITMM,System Informacji Zarządczej IT,,NWF006 - SIZCOM1 (NOWY) (poprzednia wersja: 2022-01-27 12:42:24),Przepływ pracy witryny,,2026-09-25 12:15:12,1.0,1.0,,,https://teams.sp.creditagricole/team/ITMM,,df641765-ddae-4b62-be44-b542f181eef1,,,0
https://teams.sp.creditagricole/team/ITMM,System Informacji Zarządczej IT,,NWF006 - SIZCOM1 (NOWY) (poprzednia wersja: 2022-01-26 10:16:55),Przepływ pracy witryny,,2026-09-25 12:15:12,1.0,1.0,,,https://teams.sp.creditagricole/team/ITMM,,3edf24f5-bd65-46bc-a5c8-b78de54f5a00,,,0
https://teams.sp.creditagricole/team/ITMM,System Informacji Zarządczej IT,,NWF006 - SIZCOM1 (NOWY) (poprzednia wersja: 2022-01-27 10:37:27),Przepływ pracy witryny,,2026-09-25 12:15:12,1.0,1.0,,,https://teams.sp.creditagricole/team/ITMM,,6574d66e-8d16-4c02-bba3-b821c62788e3,,,0
https://teams.sp.creditagricole/team/ITMM,System Informacji Zarządczej IT,,NWF006 - SIZCOM1 (NOWY) (poprzednia wersja: 2022-01-27 08:38:50),Przepływ pracy witryny,,2026-09-25 12:15:12,1.0,1.0,,,https://teams.sp.creditagricole/team/ITMM,,42a54d52-f09a-4883-b814-bcf98eab4732,,,0
https://teams.sp.creditagricole/team/ITMM,System Informacji Zarządczej IT,,NWF006 - SIZCOM1 (NOWY) (poprzednia wersja: 2022-01-27 18:07:43),Przepływ pracy witryny,,2026-09-25 12:15:12,1.0,1.0,,,https://teams.sp.creditagricole/team/ITMM,,3428b3f0-0486-44af-b2d4-be0a62ab4c3d,,,0
https://teams.sp.creditagricole/team/ITMM,System Informacji Zarządczej IT,,NWF006 - SIZCOM1 (NOWY) (poprzednia wersja: 2022-01-27 11:00:50),Przepływ pracy witryny,,2026-09-25 12:15:12,1.0,1.0,,,https://teams.sp.creditagricole/team/ITMM,,912579ff-737b-4f69-9603-bebd50937deb,,,0
https://teams.sp.creditagricole/team/ITMM,System Informacji Zarządczej IT,,NWF006 - SIZCOM1 (NOWY) (poprzednia wersja: 2022-01-27 17:26:22),Przepływ pracy witryny,,2026-09-25 12:15:12,1.0,1.0,,,https://teams.sp.creditagricole/team/ITMM,,c9c4cdd7-4f8d-4ef4-9bdb-bee7c5abf599,,,0
https://teams.sp.creditagricole/team/ITMM,System Informacji Zarządczej IT,,NWF006 - SIZCOM1 (NOWY) (poprzednia wersja: 2022-01-25 12:30:48),Przepływ pracy witryny,,2026-09-25 12:15:12,1.0,1.0,,,https://teams.sp.creditagricole/team/ITMM,,6ec14585-308c-433e-8dbb-bf96dc5039d1,,,0
https://teams.sp.creditagricole/team/ITMM,System Informacji Zarządczej IT,,NWF006 - SIZCOM1 (NOWY) (poprzednia wersja: 2022-07-04 10:58:45),Przepływ pracy witryny,,2026-09-25 12:15:12,1.0,1.0,,,https://teams.sp.creditagricole/team/ITMM,,e27b9fda-1c3b-4009-a957-c02fe89f99ca,,,0
https://teams.sp.creditagricole/team/ITMM,System Informacji Zarządczej IT,,NWF003 (poprzednia wersja: 02.09.2021 13:07:25),Przepływ pracy witryny,,2026-09-25 12:15:12,1.0,1.0,,,https://teams.sp.creditagricole/team/ITMM,,d486d2b5-bbe2-478b-b786-c2cba674a30d,,,0
https://teams.sp.creditagricole/team/ITMM,System Informacji Zarządczej IT,,NWF006 - SIZCOM1 (NOWY) (poprzednia wersja: 2022-01-26 08:39:12),Przepływ pracy witryny,,2026-09-25 12:15:12,1.0,1.0,,,https://teams.sp.creditagricole/team/ITMM,,ba820c72-c355-4fde-a14c-c42c870eb2ed,,,0
https://teams.sp.creditagricole/team/ITMM,System Informacji Zarządczej IT,,NWF006 - SIZCOM1 (NOWY) (poprzednia wersja: 2022-01-28 15:23:34),Przepływ pracy witryny,,2026-09-25 12:15:12,1.0,1.0,,,https://teams.sp.creditagricole/team/ITMM,,50f8a065-d7bf-4add-9de0-c5a2fd971ab3,,,0
https://teams.sp.creditagricole/team/ITMM,System Informacji Zarządczej IT,,NWF006 - SIZCOM1 (NOWY) (poprzednia wersja: 2022-01-26 10:43:34),Przepływ pracy witryny,,2026-09-25 12:15:12,1.0,1.0,,,https://teams.sp.creditagricole/team/ITMM,,8d2ad06e-1e6d-4b56-952b-c724670db6d1,,,0
https://teams.sp.creditagricole/team/ITMM,System Informacji Zarządczej IT,,NWF004 (poprzednia wersja: 2021-09-08 13:44:27),Przepływ pracy witryny,,2026-09-25 12:15:12,1.0,1.0,,,https://teams.sp.creditagricole/team/ITMM,,a81f424f-1f4e-4321-8e70-c88a82c9f566,,,0
https://teams.sp.creditagricole/team/ITMM,System Informacji Zarządczej IT,,NWF006 - SIZCOM1 (NOWY) (poprzednia wersja: 2022-01-26 12:31:45),Przepływ pracy witryny,,2026-09-25 12:15:12,1.0,1.0,,,https://teams.sp.creditagricole/team/ITMM,,c6cca35e-9f8c-4d22-b38e-cb309deb3e99,,,0
https://teams.sp.creditagricole/team/ITMM,System Informacji Zarządczej IT,,NWF006 - SIZCOM1 (NOWY) (poprzednia wersja: 2022-01-27 13:36:29),Przepływ pracy witryny,,2026-09-25 12:15:12,1.0,1.0,,,https://teams.sp.creditagricole/team/ITMM,,a657ff62-564a-448f-ab87-cb57b9181f69,,,0
https://teams.sp.creditagricole/team/ITMM,System Informacji Zarządczej IT,,NWF006 - SIZCOM1 (NOWY) (poprzednia wersja: 2022-01-28 13:29:45),Przepływ pracy witryny,,2026-09-25 12:15:12,1.0,1.0,,,https://teams.sp.creditagricole/team/ITMM,,59c9d800-7761-4c2e-9ff8-cd6f5527087c,,,0
https://teams.sp.creditagricole/team/ITMM,System Informacji Zarządczej IT,,NWF006 - SIZCOM1 (NOWY) (poprzednia wersja: 2022-01-27 17:37:09),Przepływ pracy witryny,,2026-09-25 12:15:12,1.0,1.0,,,https://teams.sp.creditagricole/team/ITMM,,4726e57d-723f-4609-829f-cf0702b10f8a,,,0
https://teams.sp.creditagricole/team/ITMM,System Informacji Zarządczej IT,,NWF006 - SIZCOM1 (NOWY) (poprzednia wersja: 2022-01-27 08:34:38),Przepływ pracy witryny,,2026-09-25 12:15:12,1.0,1.0,,,https://teams.sp.creditagricole/team/ITMM,,b54b235b-808c-47ba-8a32-d219548a76d4,,,0
https://teams.sp.creditagricole/team/ITMM,System Informacji Zarządczej IT,,NWF006 - SIZCOM1 (NOWY) (poprzednia wersja: 2022-01-27 18:53:05),Przepływ pracy witryny,,2026-09-25 12:15:12,1.0,1.0,,,https://teams.sp.creditagricole/team/ITMM,,1c51f9ea-cdf2-45bb-91df-d5046dce5956,,,0
https://teams.sp.creditagricole/team/ITMM,System Informacji Zarządczej IT,,TST- NWF002 (poprzednia wersja: 15.09.2021 10:51:42),Przepływ pracy witryny,,2026-09-25 12:15:12,1.0,1.0,,,https://teams.sp.creditagricole/team/ITMM,,6c62ac53-6835-439c-953f-d53c5669b5fe,,,0
https://teams.sp.creditagricole/team/ITMM,System Informacji Zarządczej IT,,NWF006 - SIZCOM1 (NOWY) (poprzednia wersja: 2022-09-16 10:51:31),Przepływ pracy witryny,,2026-09-25 12:15:12,1.0,1.0,,,https://teams.sp.creditagricole/team/ITMM,,c8633b9c-6914-4109-bec8-d59384c7a595,,,0
https://teams.sp.creditagricole/team/ITMM,System Informacji Zarządczej IT,,NWF002 (poprzednia wersja: 2022-01-17 13:53:14),Przepływ pracy witryny,,2026-09-25 12:15:12,1.0,1.0,,,https://teams.sp.creditagricole/team/ITMM,,7aaa7515-f971-44e4-8bdb-d5a26e72e341,,,0
https://teams.sp.creditagricole/team/ITMM,System Informacji Zarządczej IT,,NWF002 (poprzednia wersja: 2021-09-14 09:52:09),Przepływ pracy witryny,,2026-09-25 12:15:12,1.0,1.0,,,https://teams.sp.creditagricole/team/ITMM,,fade0179-758c-4367-90c3-d6896c0d6c18,,,0
https://teams.sp.creditagricole/team/ITMM,System Informacji Zarządczej IT,,NWF006 - SIZCOM1 (NOWY) (poprzednia wersja: 2022-01-27 12:38:25),Przepływ pracy witryny,,2026-09-25 12:15:12,1.0,1.0,,,https://teams.sp.creditagricole/team/ITMM,,02f21dc5-7df6-4c2b-b134-d7918991eb8f,,,0
https://teams.sp.creditagricole/team/ITMM,System Informacji Zarządczej IT,,NWF006 - SIZCOM1 (NOWY) (poprzednia wersja: 2023-01-23 09:12:51),Przepływ pracy witryny,,2026-09-25 12:15:12,1.0,1.0,,,https://teams.sp.creditagricole/team/ITMM,,1db4f6c5-4f35-46d3-9ca2-da5a7b623d42,,,0
https://teams.sp.creditagricole/team/ITMM,System Informacji Zarządczej IT,,NWF006 - SIZCOM1 (NOWY) (poprzednia wersja: 2022-09-16 10:39:48),Przepływ pracy witryny,,2026-09-25 12:15:12,1.0,1.0,,,https://teams.sp.creditagricole/team/ITMM,,cb6558c3-29e7-4135-ae49-dbd51f57ee27,,,0
https://teams.sp.creditagricole/team/ITMM,System Informacji Zarządczej IT,,NWF002 (poprzednia wersja: 2021-09-08 12:43:41),Przepływ pracy witryny,,2026-09-25 12:15:12,1.0,1.0,,,https://teams.sp.creditagricole/team/ITMM,,7db051be-4d31-4b4b-8fc3-e082e02c0f4b,,,0
https://teams.sp.creditagricole/team/ITMM,System Informacji Zarządczej IT,,NWF006 - SIZCOM1 (NOWY) (poprzednia wersja: 2022-01-27 11:36:21),Przepływ pracy witryny,,2026-09-25 12:15:12,1.0,1.0,,,https://teams.sp.creditagricole/team/ITMM,,3ac3778e-cbe1-4786-8f3c-e09d9c61faa2,,,0
https://teams.sp.creditagricole/team/ITMM,System Informacji Zarządczej IT,,NWF006 - SIZCOM1 (NOWY) (poprzednia wersja: 2022-01-26 15:37:15),Przepływ pracy witryny,,2026-09-25 12:15:12,1.0,1.0,,,https://teams.sp.creditagricole/team/ITMM,,51837cf0-45fe-40c2-b070-e45992860cb3,,,0
https://teams.sp.creditagricole/team/ITMM,System Informacji Zarządczej IT,,NWF006 - SIZCOM1 (NOWY) (poprzednia wersja: 2022-01-26 12:29:42),Przepływ pracy witryny,,2026-09-25 12:15:12,1.0,1.0,,,https://teams.sp.creditagricole/team/ITMM,,05205b4c-be1d-45e3-bc8a-e60996c8266d,,,0
https://teams.sp.creditagricole/team/ITMM,System Informacji Zarządczej IT,,NWF006 - SIZCOM1 (NOWY) (poprzednia wersja: 2022-01-27 13:04:21),Przepływ pracy witryny,,2026-09-25 12:15:12,1.0,1.0,,,https://teams.sp.creditagricole/team/ITMM,,da7e0954-3554-4f36-bd5c-e6f4a65db1aa,,,0
https://teams.sp.creditagricole/team/ITMM,System Informacji Zarządczej IT,,NWF004 (poprzednia wersja: 2021-09-08 14:03:27),Przepływ pracy witryny,,2026-09-25 12:15:12,1.0,1.0,,,https://teams.sp.creditagricole/team/ITMM,,741fb30d-8caf-4954-a26c-e8b633bb33be,,,0
https://teams.sp.creditagricole/team/ITMM,System Informacji Zarządczej IT,,NWF002 (poprzednia wersja: 03.04.2025 11:47:21),Przepływ pracy witryny,,2026-09-25 12:15:12,1.0,1.0,,,https://teams.sp.creditagricole/team/ITMM,,761632be-0628-487a-bb96-e936eb58e4b5,,,0
https://teams.sp.creditagricole/team/ITMM,System Informacji Zarządczej IT,,NWF006 - SIZCOM1 (NOWY) (poprzednia wersja: 2024-03-18 11:18:05),Przepływ pracy witryny,,2026-09-25 12:15:12,1.0,1.0,,,https://teams.sp.creditagricole/team/ITMM,,98fca489-79c8-4c05-b883-e9c33ce52770,,,0
https://teams.sp.creditagricole/team/ITMM,System Informacji Zarządczej IT,,NWF006 - SIZCOM1 (NOWY) (poprzednia wersja: 2023-11-13 09:57:04),Przepływ pracy witryny,,2026-09-25 12:15:12,1.0,1.0,,,https://teams.sp.creditagricole/team/ITMM,,42bce208-9a29-4328-a021-ec22cd600462,,,0
https://teams.sp.creditagricole/team/ITMM,System Informacji Zarządczej IT,,NWF006 - SIZCOM1 (NOWY) (poprzednia wersja: 2022-03-31 11:31:31),Przepływ pracy witryny,,2026-09-25 12:15:12,1.0,1.0,,,https://teams.sp.creditagricole/team/ITMM,,62878895-4436-489c-bc98-edf0af85e233,,,0
https://teams.sp.creditagricole/team/ITMM,System Informacji Zarządczej IT,,NWF006 - SIZCOM1 (NOWY) (poprzednia wersja: 2022-01-26 12:58:51),Przepływ pracy witryny,,2026-09-25 12:15:12,1.0,1.0,,,https://teams.sp.creditagricole/team/ITMM,,1519d1c2-0d8c-44f2-b27a-ef6b68e861a4,,,0
https://teams.sp.creditagricole/team/ITMM,System Informacji Zarządczej IT,,NWF006 - SIZCOM1 (NOWY) (poprzednia wersja: 2022-01-26 09:55:27),Przepływ pracy witryny,,2026-09-25 12:15:12,1.0,1.0,,,https://teams.sp.creditagricole/team/ITMM,,144868c5-0af7-4bad-8b6f-f25f56c229c6,,,0
https://teams.sp.creditagricole/team/ITMM,System Informacji Zarządczej IT,,NWF006 - SIZCOM1 (NOWY) (poprzednia wersja: 2022-01-25 13:35:41),Przepływ pracy witryny,,2026-09-25 12:15:12,1.0,1.0,,,https://teams.sp.creditagricole/team/ITMM,,7f23497a-96f3-47ef-871e-f56e3efb283f,,,0
https://teams.sp.creditagricole/team/ITMM,System Informacji Zarządczej IT,,NWF002 (poprzednia wersja: 2021-09-08 15:00:23),Przepływ pracy witryny,,2026-09-25 12:15:12,1.0,1.0,,,https://teams.sp.creditagricole/team/ITMM,,65c7c819-893c-4494-9caf-f56f1b01320d,,,0
https://teams.sp.creditagricole/team/ITMM,System Informacji Zarządczej IT,,NWF004 (poprzednia wersja: 2021-09-08 13:02:54),Przepływ pracy witryny,,2026-09-25 12:15:12,1.0,1.0,,,https://teams.sp.creditagricole/team/ITMM,,184067d0-9af2-4c25-9eb3-f6648174d03a,,,0
https://teams.sp.creditagricole/team/ITMM,System Informacji Zarządczej IT,,NWF006 - SIZCOM1 (NOWY) (poprzednia wersja: 2023-02-28 11:58:49),Przepływ pracy witryny,,2026-09-25 12:15:12,1.0,1.0,,,https://teams.sp.creditagricole/team/ITMM,,b63848a1-0b90-468c-93c1-fa3f7b95ad81,,,0
https://teams.sp.creditagricole/team/ITMM,System Informacji Zarządczej IT,,NWF006 - SIZCOM1 (NOWY) (poprzednia wersja: 2022-01-27 15:23:12),Przepływ pracy witryny,,2026-09-25 12:15:12,1.0,1.0,,,https://teams.sp.creditagricole/team/ITMM,,fb721d6a-70f8-4af3-962c-fbec58acf5ab,,,0
